filename,width,height,class,xmin,ymin,xmax,ymax
20181129_181820.jpg,1488,1488,kyungsik_face,525,20,950,579
20181129_181820.jpg,1488,1488,kyungsik_id,644,1254,769,1463
20181129_181841.jpg,1488,1488,kyungsik_id,591,913,774,1149
20181129_181841.jpg,1488,1488,kyungsik_face,546,188,1018,846
20181129_181845.jpg,1488,1488,kyungsik_id,514,871,752,1168
20181129_181845.jpg,1488,1488,kyungsik_face,446,4,1108,818
20181129_182508.jpg,1488,1488,kyungsik_face,532,243,1011,895
20181129_182508.jpg,1488,1488,kyungsik_id,600,1017,760,1260
20181129_182513.jpg,1488,1488,kyungsik_face,430,181,902,853
20181129_182513.jpg,1488,1488,kyungsik_id,780,1073,955,1342
20181129_182612.jpg,2656,1494,kyungsik_face,985,190,1399,748
20181129_182612.jpg,2656,1494,kyungsik_id,1185,972,1312,1168
20181129_182619.jpg,2656,1494,kyungsik_face,977,272,1387,821
20181129_182619.jpg,2656,1494,kyungsik_id,1095,997,1231,1190
20181129_182644.jpg,2656,1494,kyungsik_face,924,4,1617,833
20181129_182644.jpg,2656,1494,kyungsik_id,948,848,1263,1282
20181129_182649.jpg,2656,1494,kyungsik_face,985,16,1643,880
20181129_182649.jpg,2656,1494,kyungsik_id,982,936,1260,1333
20181129_182706.jpg,2656,1494,kyungsik_face,919,70,1534,892
20181129_182706.jpg,2656,1494,kyungsik_id,929,1077,1195,1470
20181129_182729.jpg,2656,1494,kyungsik_id,919,629,1182,992
20181129_182729.jpg,2656,1494,kyungsik_face,985,97,1514,765
20181129_182738.jpg,2656,1494,kyungsik_face,1060,1,1657,646
20181129_182738.jpg,2656,1494,kyungsik_id,1224,799,1441,1136
20181129_182755.jpg,2656,1494,kyungsik_face,1046,204,1690,1080
20181129_182755.jpg,2656,1494,kyungsik_id,751,760,1043,1165
20181129_182802.jpg,2656,1494,kyungsik_face,856,2,1582,916
20181129_182802.jpg,2656,1494,kyungsik_id,1407,907,1841,1377
20181129_183008.jpg,1494,2656,kyungsik_id,375,1512,728,2040
20181129_183008.jpg,1494,2656,kyungsik_face,506,431,1187,1348
20181129_183011.jpg,1494,2656,kyungsik_face,509,568,1156,1448
20181129_183011.jpg,1494,2656,kyungsik_id,289,1470,659,2020
20181129_183023.jpg,1494,2656,kyungsik_id,173,1245,506,1734
20181129_183023.jpg,1494,2656,kyungsik_face,620,356,1342,1384
20181129_183026.jpg,1494,2656,kyungsik_face,553,468,1250,1423
20181129_183026.jpg,1494,2656,kyungsik_id,237,1323,587,1834
20181129_183034.jpg,1494,2656,kyungsik_id,392,1418,600,1706
20181129_183034.jpg,1494,2656,kyungsik_face,570,793,1092,1490
20181129_183040.jpg,1494,2656,kyungsik_id,600,1612,853,1973
20181129_183040.jpg,1494,2656,kyungsik_face,462,559,1020,1326
20181129_183051.jpg,1494,2656,kyungsik_face,378,348,1139,1309
20181129_183051.jpg,1494,2656,kyungsik_id,478,1481,837,1984
20181129_183055.jpg,1494,2656,kyungsik_id,492,1462,867,1976
20181129_183055.jpg,1494,2656,kyungsik_face,428,334,1173,1337
20181129_183059.jpg,1494,2656,kyungsik_face,437,468,1142,1404
20181129_183059.jpg,1494,2656,kyungsik_id,506,1565,864,2065
20181129_183102.jpg,1494,2656,kyungsik_id,587,1676,948,2168
20181129_183102.jpg,1494,2656,kyungsik_face,403,531,1092,1470
20181129_183124.jpg,1494,2656,kyungsik_face,306,576,864,1315
20181129_183124.jpg,1494,2656,kyungsik_id,992,1459,1175,1765
20181129_183128.jpg,1494,2656,kyungsik_id,745,1523,978,1856
20181129_183128.jpg,1494,2656,kyungsik_face,687,601,1275,1348
20181129_183138.jpg,1494,2656,kyungsik_face,606,643,1203,1365
20181129_183138.jpg,1494,2656,kyungsik_id,720,1595,964,1948
20181129_183141.jpg,1494,2656,kyungsik_id,767,1612,1014,1965
20181129_183141.jpg,1494,2656,kyungsik_face,687,676,1256,1429
20181129_183221.jpg,1494,2656,kyungsik_face,464,506,1098,1318
20181129_183221.jpg,1494,2656,kyungsik_id,398,1318,667,1715
20181129_183227.jpg,1494,2656,kyungsik_id,345,1304,681,1826
20181129_183227.jpg,1494,2656,kyungsik_face,595,443,1245,1334
20181129_183229.jpg,1494,2656,kyungsik_face,645,468,1312,1356
20181129_183229.jpg,1494,2656,kyungsik_id,448,1290,778,1809
20181129_183231.jpg,1494,2656,kyungsik_id,559,1337,881,1865
20181129_183231.jpg,1494,2656,kyungsik_face,603,512,1259,1362
20181129_183233.jpg,1494,2656,kyungsik_face,528,487,1189,1348
20181129_183233.jpg,1494,2656,kyungsik_id,420,1315,742,1845
20181129_183236.jpg,1494,2656,kyungsik_id,464,1281,798,1815
20181129_183236.jpg,1494,2656,kyungsik_face,612,501,1264,1323
20181129_183237.jpg,1494,2656,kyungsik_face,373,526,1059,1312
20181129_183237.jpg,1494,2656,kyungsik_id,500,1329,839,1870
20181129_183307.jpg,1494,2656,kyungsik_id,937,1459,1250,1904
20181129_183307.jpg,1494,2656,kyungsik_face,142,609,795,1462
20181129_183309.jpg,1494,2656,kyungsik_face,262,640,867,1448
20181129_183309.jpg,1494,2656,kyungsik_id,931,1487,1217,1909
20181129_183322.jpg,1494,2656,kyungsik_id,698,1479,962,1890
20181129_183322.jpg,1494,2656,kyungsik_face,831,156,1494,1056
20181129_183331.jpg,1494,2656,kyungsik_id,645,1273,1095,1915
20181129_183331.jpg,1494,2656,kyungsik_face,625,1,1409,1026
20181129_183338.jpg,1494,2656,kyungsik_face,570,81,1337,1126
20181129_183338.jpg,1494,2656,kyungsik_id,892,1376,1317,2012
20181129_183339.jpg,1494,2656,kyungsik_id,848,1370,1292,2026
20181129_183339.jpg,1494,2656,kyungsik_face,581,70,1314,1123
20181129_183340.jpg,1494,2656,kyungsik_face,584,79,1339,1112
20181129_183340.jpg,1494,2656,kyungsik_id,884,1354,1300,1979
20181129_183356.jpg,1494,2656,kyungsik_id,348,843,1270,2279
20181129_183406.jpg,1494,2656,kyungsik_id,559,1051,1112,1995
20181129_183426.jpg,1494,2656,kyungsik_id,612,851,1228,1662
20181129_183430.jpg,1494,2656,kyungsik_id,259,462,1494,2562
20181129_183502.jpg,1494,2656,kyungsik_id,212,1454,778,2115
20181129_183505.jpg,1494,2656,kyungsik_id,1,1231,762,2359
20181129_183526.jpg,1494,2656,kyungsik_id,395,1304,717,1776
20181129_183526.jpg,1494,2656,kyungsik_face,812,170,1494,1193
20181129_183528.jpg,1494,2656,kyungsik_face,812,243,1494,1257
20181129_183528.jpg,1494,2656,kyungsik_id,359,1354,687,1793
20181129_183535.jpg,1494,2656,kyungsik_id,264,881,1025,1937
20181129_183537.jpg,1494,2656,kyungsik_id,262,876,1039,1920
20181129_183603.jpg,1494,2656,kyungsik_id,598,1381,839,1729
20181129_183603.jpg,1494,2656,kyungsik_face,667,693,1187,1356
20181129_183612.jpg,1494,2656,kyungsik_face,734,1,1494,1081
20181129_183612.jpg,1494,2656,kyungsik_id,520,1270,1045,2043
20181129_183615.jpg,1494,2656,kyungsik_id,500,1309,937,1948
20181129_183615.jpg,1494,2656,kyungsik_face,706,93,1481,1179
20181129_183626.jpg,1494,2656,kyungsik_face,684,534,1250,1215
20181129_183626.jpg,1494,2656,kyungsik_id,600,1356,856,1734
20181129_183647.jpg,1494,2656,kyungsik_id,256,1390,512,1762
20181129_183647.jpg,1494,2656,kyungsik_face,903,512,1494,1329
20181129_183700.jpg,1494,2656,kyungsik_face,495,256,1214,1212
20181129_183700.jpg,1494,2656,kyungsik_id,564,1415,984,2087
20181129_183706.jpg,1494,2656,kyungsik_id,503,1345,959,2015
20181129_183706.jpg,1494,2656,kyungsik_face,495,156,1192,1190
20181129_183713.jpg,1494,2656,kyungsik_face,17,676,700,1559
20181129_183713.jpg,1494,2656,kyungsik_id,970,1379,1325,1887
20181129_183719.jpg,1494,2656,kyungsik_id,631,1409,1003,1962
20181129_183719.jpg,1494,2656,kyungsik_face,414,493,1120,1315
20181129_183728.jpg,1494,2656,kyungsik_face,445,295,1103,1212
20181129_183728.jpg,1494,2656,kyungsik_id,573,1562,948,2129
20181129_183737.jpg,1494,2656,kyungsik_id,603,1562,956,2115
20181129_183737.jpg,1494,2656,kyungsik_face,362,393,998,1281
20181129_183742.jpg,1494,2656,kyungsik_face,434,145,1203,1162
20181129_183742.jpg,1494,2656,kyungsik_id,425,1218,962,1979
20181129_183803.jpg,1494,2656,kyungsik_face,509,331,1478,1704
20181129_183803.jpg,1494,2656,kyungsik_id,192,1070,562,1573
20181129_183808.jpg,1494,2656,kyungsik_id,217,1068,614,1579
20181129_183808.jpg,1494,2656,kyungsik_face,545,348,1478,1690
20181129_183814.jpg,1494,2656,kyungsik_face,139,426,1070,1709
20181129_183814.jpg,1494,2656,kyungsik_id,995,1045,1378,1587
20181129_183825.jpg,1494,2656,kyungsik_id,1037,1009,1289,1373
20181129_183825.jpg,1494,2656,kyungsik_face,448,523,1103,1448
20181129_183853.jpg,1494,2656,kyungsik_face,542,520,1198,1395
20181129_183853.jpg,1494,2656,kyungsik_id,925,1415,1239,1868
20181129_183901.jpg,1494,2656,kyungsik_face,675,395,1389,1348
20181129_183901.jpg,1494,2656,kyungsik_id,967,1359,1287,1823
20181129_183907.jpg,1494,2656,kyungsik_face,567,312,1323,1254
20181129_183907.jpg,1494,2656,kyungsik_id,884,1381,1264,1931
20181129_183931.jpg,1494,2656,kyungsik_id,981,1245,1250,1620
20181129_183931.jpg,1494,2656,kyungsik_face,378,506,959,1312
20181129_183958.jpg,1494,2656,kyungsik_id,928,1415,1309,1976
20181129_184000.jpg,1494,2656,kyungsik_id,1017,1370,1398,1943
20181129_184007.jpg,1494,2656,kyungsik_id,412,843,1373,2329
20181129_184019.jpg,1494,2656,kyungsik_id,217,431,1089,1654
20181129_184023.jpg,1494,2656,kyungsik_id,200,498,1112,1715
20181129_184029.jpg,1494,2656,kyungsik_id,578,1412,864,1765
20181129_184029.jpg,1494,2656,kyungsik_face,645,631,1162,1312
20181129_184035.jpg,1494,2656,kyungsik_face,481,240,1281,1259
20181129_184035.jpg,1494,2656,kyungsik_id,353,1437,903,2131
20181129_184037.jpg,1494,2656,kyungsik_id,428,1540,1017,2215
20181129_184037.jpg,1494,2656,kyungsik_face,473,320,1262,1368
20181129_184040.jpg,1494,2656,kyungsik_face,537,290,1337,1334
20181129_184040.jpg,1494,2656,kyungsik_id,203,1368,798,2081
20181129_184044.jpg,1494,2656,kyungsik_id,539,1693,937,2270
20181129_184044.jpg,1494,2656,kyungsik_face,473,362,1217,1370
20181129_184048.jpg,1494,2656,kyungsik_face,370,306,1106,1326
20181129_184048.jpg,1494,2656,kyungsik_id,717,1523,1098,2043
20181129_184100.jpg,1494,2656,kyungsik_id,309,1515,748,2118
20181129_184100.jpg,1494,2656,kyungsik_face,525,284,1323,1312
20181129_184107.jpg,1494,2656,kyungsik_face,575,426,1237,1281
20181129_184107.jpg,1494,2656,kyungsik_id,495,1481,848,2018
20181129_184111.jpg,1494,2656,kyungsik_id,539,1493,939,2018
20181129_184111.jpg,1494,2656,kyungsik_face,620,518,1275,1376
20181129_184143.jpg,1494,2656,kyungsik_face,623,876,984,1345
20181129_184143.jpg,1494,2656,kyungsik_id,609,1534,764,1754
20181129_184148.jpg,1494,2656,kyungsik_id,603,1559,834,1904
20181129_184148.jpg,1494,2656,kyungsik_face,587,695,1064,1348
20181129_184155.jpg,1494,2656,kyungsik_face,364,629,839,1276
20181129_184155.jpg,1494,2656,kyungsik_id,464,1440,698,1768
20181129_184202.jpg,1494,2656,kyungsik_id,403,1526,637,1862
20181129_184202.jpg,1494,2656,kyungsik_face,356,662,870,1318
20181129_184214.jpg,1494,2656,kyungsik_face,400,718,912,1395
20181129_184214.jpg,1494,2656,kyungsik_id,559,1631,792,2001
20181129_184221.jpg,1494,2656,kyungsik_id,664,1556,914,1934
20181129_184221.jpg,1494,2656,kyungsik_face,275,665,775,1362
20181129_184231.jpg,1494,2656,kyungsik_face,537,301,1223,1276
20181129_184231.jpg,1494,2656,kyungsik_id,542,1531,942,2123
20181129_184236.jpg,1494,2656,kyungsik_id,462,1590,873,2156
20181129_184236.jpg,1494,2656,kyungsik_face,537,290,1209,1240
20181129_184240.jpg,1494,2656,kyungsik_face,495,351,1148,1276
20181129_184240.jpg,1494,2656,kyungsik_id,400,1618,787,2179
20181129_184256.jpg,1494,2656,kyungsik_id,795,1398,1217,1968
20181129_184256.jpg,1494,2656,kyungsik_face,464,1,1192,945
20181129_184307.jpg,1494,2656,kyungsik_face,339,1,1046,926
20181129_184307.jpg,1494,2656,kyungsik_id,906,1354,1403,1952
20181129_184311.jpg,1494,2656,kyungsik_face,428,23,1128,1009
20181129_184311.jpg,1494,2656,kyungsik_id,859,1476,1228,2015
20181129_184324.jpg,1494,2656,kyungsik_id,628,1604,998,2168
20181129_184324.jpg,1494,2656,kyungsik_face,489,368,1128,1240
20181129_184337.jpg,1494,2656,kyungsik_face,553,1,1134,781
20181129_184337.jpg,1494,2656,kyungsik_id,656,1643,873,1995
20181129_184340.jpg,1494,2656,kyungsik_id,687,1673,903,2018
20181129_184340.jpg,1494,2656,kyungsik_face,537,1,1125,798
20181129_184432.jpg,1494,2656,kyungsik_face,812,570,1475,1404
20181129_184432.jpg,1494,2656,kyungsik_id,503,1448,781,1923
20181129_184436.jpg,1494,2656,kyungsik_id,481,1445,812,1968
20181129_184436.jpg,1494,2656,kyungsik_face,639,609,1289,1376
20181129_184437.jpg,1494,2656,kyungsik_face,642,648,1300,1426
20181129_184437.jpg,1494,2656,kyungsik_id,487,1448,812,1984
20181129_184440.jpg,1494,2656,kyungsik_id,445,1479,784,2009
20181129_184440.jpg,1494,2656,kyungsik_face,600,659,1214,1423
20181129_184442.jpg,1494,2656,kyungsik_face,662,618,1337,1476
20181129_184442.jpg,1494,2656,kyungsik_id,500,1470,839,1973
20181129_184445.jpg,1494,2656,kyungsik_id,589,1459,1048,2026
20181129_184445.jpg,1494,2656,kyungsik_face,620,570,1253,1398
20181129_184450.jpg,1494,2656,kyungsik_face,723,504,1439,1398
20181129_184450.jpg,1494,2656,kyungsik_id,425,1387,842,1943
20181129_184456.jpg,1494,2656,kyungsik_id,487,1593,800,2054
20181129_184456.jpg,1494,2656,kyungsik_face,403,237,1070,1151
KakaoTalk_Moim_5vXgWC18z0sG3gQbc2zCU5vrsbCwUN.jpg,1512,1512,kyungsik_face,460,153,1028,906
KakaoTalk_Moim_5vXgWC18z0sG3gQbc2zCU5vrsbCwUN.jpg,1512,1512,kyungsik_id,506,934,804,1334
KakaoTalk_Moim_5vXgWC18z0sG3gQbc2zCU5vrsbG6yt.jpg,1512,1512,kyungsik_id,571,971,904,1455
KakaoTalk_Moim_5vXgWC18z0sG3gQbc2zCU5vrsbG6yt.jpg,1512,1512,kyungsik_face,423,100,969,846
KakaoTalk_Moim_5vXgWC18z0sG3gQbc2zCU5vrsbIA01.jpg,1512,1512,kyungsik_id,634,884,900,1242
KakaoTalk_Moim_5vXgWC18z0sG3gQbc2zCU5vrsbIA01.jpg,1512,1512,kyungsik_face,541,195,1000,833
KakaoTalk_Moim_5vXgWC18z0sG3gQbc2zCU5vrsbKvlv.jpg,1512,2016,kyungsik_face,818,109,1467,1017
KakaoTalk_Moim_5vXgWC18z0sG3gQbc2zCU5vrsbKvlv.jpg,1512,2016,kyungsik_id,563,858,997,1515
KakaoTalk_Moim_5vXgWC18z0sG3gQbc2zCU5vrsbMqHf.jpg,1512,2016,kyungsik_id,661,1013,918,1296
KakaoTalk_Moim_5vXgWC18z0sG3gQbc2zCU5vrsbMqHf.jpg,1512,2016,kyungsik_face,712,560,1140,1094
KakaoTalk_Moim_5vXgWC18z0sG3gQbc2zCU5vrsbOm2Z.jpg,1512,2016,kyungsik_face,744,553,1144,1051
KakaoTalk_Moim_5vXgWC18z0sG3gQbc2zCU5vrsbOm2Z.jpg,1512,2016,kyungsik_id,731,985,955,1253
KakaoTalk_Moim_5vXgWC18z0sG3gQbc2zCU5vrsbp3t7.jpg,1512,1512,kyungsik_face,653,152,1239,907
KakaoTalk_Moim_5vXgWC18z0sG3gQbc2zCU5vrsbp3t7.jpg,1512,1512,kyungsik_id,738,992,1104,1385
KakaoTalk_Moim_5vXgWC18z0sG3gQbc2zCU5vrsbQysN.jpg,1512,2016,kyungsik_id,444,796,1097,1502
KakaoTalk_Moim_5vXgWC18z0sG3gQbc2zCU5vrsbQysN.jpg,1512,2016,kyungsik_face,810,200,1486,1100
KakaoTalk_Moim_5vXgWC18z0sG3gQbc2zCU5vrsbrNXX.jpg,1512,1512,kyungsik_face,625,101,1204,884
KakaoTalk_Moim_5vXgWC18z0sG3gQbc2zCU5vrsbrNXX.jpg,1512,1512,kyungsik_id,707,968,1076,1406
KakaoTalk_Moim_5vXgWC18z0sG3gQbc2zCU5vrsbSKRz.jpg,1512,2016,kyungsik_id,557,977,806,1292
KakaoTalk_Moim_5vXgWC18z0sG3gQbc2zCU5vrsbSKRz.jpg,1512,2016,kyungsik_face,652,528,1059,1079
KakaoTalk_Moim_5vXgWC18z0sG3gQbc2zCU5vrsbuysN.jpg,1512,1512,kyungsik_face,669,28,1255,815
KakaoTalk_Moim_5vXgWC18z0sG3gQbc2zCU5vrsbuysN.jpg,1512,1512,kyungsik_id,620,876,1069,1346
KakaoTalk_Moim_5vXgWC18z0sG3gQbc2zCU5vrsbX9G9.jpg,1512,2016,kyungsik_face,614,398,1082,985
KakaoTalk_Moim_5vXgWC18z0sG3gQbc2zCU5vrsbX9G9.jpg,1512,2016,kyungsik_id,557,958,784,1279
KakaoTalk_Moim_5vXgWC18z0sG3gQbc2zCU5vrsbyXgB.jpg,1512,1512,kyungsik_id,676,973,923,1322
KakaoTalk_Moim_5vXgWC18z0sG3gQbc2zCU5vrsbyXgB.jpg,1512,1512,kyungsik_face,617,136,1141,819
KakaoTalk_Moim_5vXgWC18z0sG3gQbc2zCU5vrsbZ52F.jpg,1512,2016,kyungsik_face,827,490,1229,1009
KakaoTalk_Moim_5vXgWC18z0sG3gQbc2zCU5vrsbZ52F.jpg,1512,2016,kyungsik_id,804,1021,984,1281
KakaoTalk_Moim_5vXgWC18z0sG3gQbc2zCU5vrsc10oF.jpg,1512,2016,kyungsik_id,650,958,993,1455
KakaoTalk_Moim_5vXgWC18z0sG3gQbc2zCU5vrsc10oF.jpg,1512,2016,kyungsik_face,725,215,1301,994
KakaoTalk_Moim_5vXgWC18z0sG3gQbc2zCU5vrsc5pdL.jpg,1512,2016,kyungsik_face,763,290,1335,1058
KakaoTalk_Moim_5vXgWC18z0sG3gQbc2zCU5vrsc5pdL.jpg,1512,2016,kyungsik_id,648,1055,1006,1513
KakaoTalk_Moim_5vXgWC18z0sG3gQbc2zCU5vrsc7SFz.jpg,1512,2016,kyungsik_id,621,1094,899,1500
KakaoTalk_Moim_5vXgWC18z0sG3gQbc2zCU5vrsc7SFz.jpg,1512,2016,kyungsik_face,735,338,1299,1028
KakaoTalk_Moim_5vXgWC18z0sG3gQbc2zCU5vrscam7D.jpg,1512,2016,kyungsik_face,733,181,1318,977
KakaoTalk_Moim_5vXgWC18z0sG3gQbc2zCU5vrscam7D.jpg,1512,2016,kyungsik_id,574,1011,880,1470
KakaoTalk_Moim_5vXgWC18z0sG3gQbc2zCU5vrscgpe9.jpg,1512,2016,kyungsik_id,597,1098,906,1579
KakaoTalk_Moim_5vXgWC18z0sG3gQbc2zCU5vrscgpe9.jpg,1512,2016,kyungsik_face,750,15,1321,879
KakaoTalk_Moim_5vXgWC18z0sG3gQbc2zCU5vrscikA9.jpg,1512,2016,kyungsik_face,491,215,952,828
KakaoTalk_Moim_5vXgWC18z0sG3gQbc2zCU5vrscikA9.jpg,1512,2016,kyungsik_id,667,1451,857,1726
KakaoTalk_Moim_5vXgWC18z0sG3gQbc2zCU5vrsckwZb.jpg,1512,2016,kyungsik_id,335,507,1372,1949
KakaoTalk_Moim_5vXgWC18z0sG3gQbc2zCU5vrscoEKd.jpg,1512,2016,kyungsik_id,640,1543,878,1915
KakaoTalk_Moim_5vXgWC18z0sG3gQbc2zCU5vrscoEKd.jpg,1512,2016,kyungsik_face,469,1,1104,713
KakaoTalk_Moim_5vXgWC18z0sG3gQbc2zCU5vrscr8cx.jpg,1512,2016,kyungsik_face,448,392,925,1026
KakaoTalk_Moim_5vXgWC18z0sG3gQbc2zCU5vrscr8cx.jpg,1512,2016,kyungsik_id,486,1185,731,1545
KakaoTalk_Moim_5vXgWC18z0sG3jbHWXoHkURDzrBObT.jpg,1512,2016,kyungsik_id,380,985,672,1392
KakaoTalk_Moim_5vXgWC18z0sG3jbHWXoHkURDzrBObT.jpg,1512,2016,kyungsik_face,546,172,1057,890
KakaoTalk_Moim_5vXgWC18z0sG3jbHWXoHkURDzrDsv7.jpg,1512,2016,kyungsik_face,540,30,1246,996
KakaoTalk_Moim_5vXgWC18z0sG3jbHWXoHkURDzrDsv7.jpg,1512,2016,kyungsik_id,350,1053,723,1598
KakaoTalk_Moim_5vXgWC18z0sG3jbHWXoHkURDzrpHWx.jpg,1158,1544,kyungsik_id,354,843,704,1245
KakaoTalk_Moim_5vXgWC18z0sG3jbHWXoHkURDzrpHWx.jpg,1158,1544,kyungsik_face,328,1,903,722
KakaoTalk_Moim_5vXgWC18z0sG3jbHWXoHkURDzrRu4F.jpg,1512,2016,kyungsik_face,667,272,1197,953
KakaoTalk_Moim_5vXgWC18z0sG3jbHWXoHkURDzrRu4F.jpg,1512,2016,kyungsik_id,455,1104,689,1460
KakaoTalk_Moim_5vXgWC18z0sG3jbHWXoHkURDzrrUlP.jpg,1512,2016,kyungsik_id,399,892,733,1419
KakaoTalk_Moim_5vXgWC18z0sG3jbHWXoHkURDzrrUlP.jpg,1512,2016,kyungsik_face,693,1,1370,802
KakaoTalk_Moim_5vXgWC18z0sG3jbHWXoHkURDzrTpqV.jpg,1512,2016,kyungsik_face,591,275,1174,955
KakaoTalk_Moim_5vXgWC18z0sG3jbHWXoHkURDzrTpqV.jpg,1512,2016,kyungsik_id,423,1124,652,1470
KakaoTalk_Moim_5vXgWC18z0sG3jbHWXoHkURDzrVBQd.jpg,1512,2016,kyungsik_id,421,1102,655,1455
KakaoTalk_Moim_5vXgWC18z0sG3jbHWXoHkURDzrVBQd.jpg,1512,2016,kyungsik_face,580,221,1127,926
KakaoTalk_Moim_5vXgWC18z0sG3jbHWXoHkURDzrxXt7.jpg,1512,2016,kyungsik_face,442,168,1093,932
KakaoTalk_Moim_5vXgWC18z0sG3jbHWXoHkURDzrxXt7.jpg,1512,2016,kyungsik_id,355,1038,652,1455
KakaoTalk_Moim_5vXgWC18z0sG3jbHWXoHkURDzrY5ix.jpg,1512,2016,kyungsik_id,442,962,597,1209
KakaoTalk_Moim_5vXgWC18z0sG3jbHWXoHkURDzrY5ix.jpg,1512,2016,kyungsik_face,697,436,1106,981
KakaoTalk_Moim_5vXgWC18z0sG3jbHWXoHkURDzs0hHP.jpg,1512,2016,kyungsik_face,744,470,1180,1064
KakaoTalk_Moim_5vXgWC18z0sG3jbHWXoHkURDzs0hHP.jpg,1512,2016,kyungsik_id,569,1000,765,1300
KakaoTalk_Moim_5vXgWC18z0sG3jbHWXoHkURDzs2d45.jpg,1512,2016,kyungsik_id,463,1070,729,1458
KakaoTalk_Moim_5vXgWC18z0sG3jbHWXoHkURDzs2d45.jpg,1512,2016,kyungsik_face,563,415,1063,1090
KakaoTalk_Moim_5vXgWC18z0sG3jbHWXoHkURDzs6BRT.jpg,1512,2016,kyungsik_face,642,385,1201,1104
KakaoTalk_Moim_5vXgWC18z0sG3jbHWXoHkURDzs6BRT.jpg,1512,2016,kyungsik_id,486,1121,835,1619
KakaoTalk_Moim_5vXgWC18z0sG3jbHWXoHkURDzs8gb7.jpg,1512,2016,kyungsik_id,327,821,672,1302
KakaoTalk_Moim_5vXgWC18z0sG3jbHWXoHkURDzs8gb7.jpg,1512,2016,kyungsik_face,438,130,991,938
KakaoTalk_Moim_5vXgWC18z0sG3jbHWXoHkURDzsasA9.jpg,1512,2016,kyungsik_face,504,385,914,919
KakaoTalk_Moim_5vXgWC18z0sG3jbHWXoHkURDzsasA9.jpg,1512,2016,kyungsik_id,546,855,727,1104
KakaoTalk_Moim_5vXgWC18z0sG3jbHWXoHkURDzsBpxD.jpg,1512,2016,kyungsik_id,569,998,933,1490
KakaoTalk_Moim_5vXgWC18z0sG3jbHWXoHkURDzsBpxD.jpg,1512,2016,kyungsik_face,533,34,1093,768
KakaoTalk_Moim_5vXgWC18z0sG3jbHWXoHkURDzscnWp.jpg,1512,2016,kyungsik_face,459,43,1140,796
KakaoTalk_Moim_5vXgWC18z0sG3jbHWXoHkURDzscnWp.jpg,1512,2016,kyungsik_id,533,921,1033,1687
KakaoTalk_Moim_5vXgWC18z0sG3jbHWXoHkURDzsejip.jpg,1512,2016,kyungsik_id,325,1075,814,1826
KakaoTalk_Moim_5vXgWC18z0sG3jbHWXoHkURDzsejip.jpg,1512,2016,kyungsik_face,444,83,1140,1113
KakaoTalk_Moim_5vXgWC18z0sG3jbHWXoHkURDzsia0p.jpg,1512,2016,kyungsik_face,684,107,1255,887
KakaoTalk_Moim_5vXgWC18z0sG3jbHWXoHkURDzsia0p.jpg,1512,2016,kyungsik_id,561,968,818,1360
KakaoTalk_Moim_5vXgWC18z0sG3jbHWXoHkURDzsjOjD.jpg,1512,2016,kyungsik_id,640,919,908,1300
KakaoTalk_Moim_5vXgWC18z0sG3jbHWXoHkURDzsjOjD.jpg,1512,2016,kyungsik_face,731,134,1301,858
KakaoTalk_Moim_5vXgWC18z0sG3jbHWXoHkURDzslJFD.jpg,1512,2016,kyungsik_face,606,196,1089,830
KakaoTalk_Moim_5vXgWC18z0sG3jbHWXoHkURDzslJFD.jpg,1512,2016,kyungsik_id,578,894,782,1181
KakaoTalk_Moim_5vXgWC18z0sG3jbHWXoHkURDzsq8tb.jpg,1512,2016,kyungsik_id,508,1096,910,1696
KakaoTalk_Moim_5vXgWC18z0sG3jbHWXoHkURDzsq8tb.jpg,1512,2016,kyungsik_face,523,1,1162,838
KakaoTalk_Moim_5vXgWC18z0sG3jbHWXoHkURDzss3Pb.jpg,1512,2016,kyungsik_face,516,175,1025,909
KakaoTalk_Moim_5vXgWC18z0sG3jbHWXoHkURDzss3Pb.jpg,1512,2016,kyungsik_id,635,1153,893,1553
KakaoTalk_Moim_5vXgWC18z0sG3jbHWXoHkURDzstZaV.jpg,1512,2016,kyungsik_id,593,1407,814,1764
KakaoTalk_Moim_5vXgWC18z0sG3jbHWXoHkURDzstZaV.jpg,1512,2016,kyungsik_face,595,1,1234,560
KakaoTalk_Moim_5vXgWC18z0sG3jbHWXoHkURDzsvDtT.jpg,1512,2016,kyungsik_face,597,11,1225,841
KakaoTalk_Moim_5vXgWC18z0sG3jbHWXoHkURDzsvDtT.jpg,1512,2016,kyungsik_id,535,1692,711,2016
KakaoTalk_Moim_5vXgWC18z0sG3jbHWXoHkURDzsxyPD.jpg,1512,2016,kyungsik_id,612,726,1180,1615
KakaoTalk_Moim_5vXgWC18z0sG3lMbAQ9zFMB0LDXmdY.jpg,1512,2016,kyungsik_id,659,1241,880,1581
KakaoTalk_Moim_5vXgWC18z0sG3lMbAQ9zFMB0LDXmdY.jpg,1512,2016,kyungsik_face,410,1,977,679
KakaoTalk_Moim_5vXgWC18z0sG3lMbAQ9zFMB0LDZyCK.jpg,1512,2016,kyungsik_face,591,209,1184,1007
KakaoTalk_Moim_5vXgWC18z0sG3lMbAQ9zFMB0LDZyCK.jpg,1512,2016,kyungsik_id,440,1068,889,1643
KakaoTalk_Moim_5vXgWC18z0sG3lMbAQ9zFMB0LE1tYu.jpg,1512,2016,kyungsik_id,740,1030,1197,1615
KakaoTalk_Moim_5vXgWC18z0sG3lMbAQ9zFMB0LE1tYu.jpg,1512,2016,kyungsik_face,580,183,1176,977
KakaoTalk_Moim_5vXgWC18z0sG3lMbAQ9zFMB0LE3Gnw.jpg,1512,2016,kyungsik_face,655,109,1289,934
KakaoTalk_Moim_5vXgWC18z0sG3lMbAQ9zFMB0LE3Gnw.jpg,1512,2016,kyungsik_id,710,1085,1140,1724
KakaoTalk_Moim_5vXgWC18z0sG3lMbAQ9zFMB0LE69Pk.jpg,1512,2016,kyungsik_id,716,1128,1240,1870
KakaoTalk_Moim_5vXgWC18z0sG3lMbAQ9zFMB0LE69Pk.jpg,1512,2016,kyungsik_face,631,15,1312,958
KakaoTalk_Moim_5vXgWC18z0sG3lMbAQ9zFMB0LE85b4.jpg,1512,2016,kyungsik_face,580,75,1255,977
KakaoTalk_Moim_5vXgWC18z0sG3lMbAQ9zFMB0LE85b4.jpg,1512,2016,kyungsik_id,712,1134,1248,1879
KakaoTalk_Moim_5vXgWC18z0sG3lMbAQ9zFMB0LEBvxw.jpg,1512,2016,kyungsik_id,467,1115,891,1690
KakaoTalk_Moim_5vXgWC18z0sG3lMbAQ9zFMB0LEBvxw.jpg,1512,2016,kyungsik_face,682,1,1396,924
KakaoTalk_Moim_5vXgWC18z0sG3lMbAQ9zFMB0LEcL1E.jpg,1512,2016,kyungsik_face,593,117,1148,926
KakaoTalk_Moim_5vXgWC18z0sG3lMbAQ9zFMB0LEcL1E.jpg,1512,2016,kyungsik_id,640,1385,991,1919
KakaoTalk_Moim_5vXgWC18z0sG3lMbAQ9zFMB0LEDHWy.jpg,1512,2016,kyungsik_id,478,1232,872,1785
KakaoTalk_Moim_5vXgWC18z0sG3lMbAQ9zFMB0LEDHWy.jpg,1512,2016,kyungsik_face,657,2,1361,960
KakaoTalk_Moim_5vXgWC18z0sG3lMbAQ9zFMB0LEFUm6.jpg,1512,2016,kyungsik_face,552,226,1123,1026
KakaoTalk_Moim_5vXgWC18z0sG3lMbAQ9zFMB0LEFUm6.jpg,1512,2016,kyungsik_id,538,1330,793,1730
KakaoTalk_Moim_5vXgWC18z0sG3lMbAQ9zFMB0LEJL4S.jpg,1512,2016,kyungsik_id,384,728,1138,1838
KakaoTalk_Moim_5vXgWC18z0sG3lMbAQ9zFMB0LELGr8.jpg,1512,2016,kyungsik_id,246,638,1078,1953
KakaoTalk_Moim_5vXgWC18z0sG3lMbAQ9zFMB0LEm6Jk.jpg,1512,2016,kyungsik_id,612,1415,893,1838
KakaoTalk_Moim_5vXgWC18z0sG3lMbAQ9zFMB0LEm6Jk.jpg,1512,2016,kyungsik_face,597,151,1159,945
KakaoTalk_Moim_5vXgWC18z0sG3lMbAQ9zFMB0LENSQq.jpg,1512,2016,kyungsik_face,601,204,1146,943
KakaoTalk_Moim_5vXgWC18z0sG3lMbAQ9zFMB0LENSQq.jpg,1512,2016,kyungsik_id,642,1285,918,1730
KakaoTalk_Moim_5vXgWC18z0sG3lMbAQ9zFMB0LEo254.jpg,1512,2016,kyungsik_id,612,1296,929,1772
KakaoTalk_Moim_5vXgWC18z0sG3lMbAQ9zFMB0LEo254.jpg,1512,2016,kyungsik_face,659,228,1223,970
KakaoTalk_Moim_5vXgWC18z0sG3lMbAQ9zFMB0LEr3CW.jpg,1512,2016,kyungsik_face,563,243,1146,1019
KakaoTalk_Moim_5vXgWC18z0sG3lMbAQ9zFMB0LEr3CW.jpg,1512,2016,kyungsik_id,629,1251,908,1664
KakaoTalk_Moim_5vXgWC18z0sG3lMbAQ9zFMB0LERbs6.jpg,1512,2016,kyungsik_id,595,1283,889,1700
KakaoTalk_Moim_5vXgWC18z0sG3lMbAQ9zFMB0LERbs6.jpg,1512,2016,kyungsik_face,576,207,1106,945
KakaoTalk_Moim_5vXgWC18z0sG3lMbAQ9zFMB0LEsYYG.jpg,1512,2016,kyungsik_face,635,145,1265,979
KakaoTalk_Moim_5vXgWC18z0sG3lMbAQ9zFMB0LEsYYG.jpg,1512,2016,kyungsik_id,552,1141,874,1649
KakaoTalk_Moim_5vXgWC18z0sG3lMbAQ9zFMB0LEvsqu.jpg,1512,2016,kyungsik_id,672,1353,976,1813
KakaoTalk_Moim_5vXgWC18z0sG3lMbAQ9zFMB0LEvsqu.jpg,1512,2016,kyungsik_face,655,221,1233,1013
KakaoTalk_Moim_5vXgWC18z0sG3lMbAQ9zFMB0LExnMe.jpg,1512,2016,kyungsik_face,704,104,1342,1004
KakaoTalk_Moim_5vXgWC18z0sG3lMbAQ9zFMB0LExnMe.jpg,1512,2016,kyungsik_id,450,1172,840,1702
KakaoTalk_Moim_5vXgWC18z0sG3lMbAQ9zFMB0LF3hGq.jpg,1512,2016,kyungsik_id,833,1221,1242,1836
KakaoTalk_Moim_5vXgWC18z0sG3lMbAQ9zFMB0LF3hGq.jpg,1512,2016,kyungsik_face,795,1,1504,964
KakaoTalk_Moim_5vXgWC18z0sG3lMbAQ9zFMB0LF5u5s.jpg,1512,2016,kyungsik_face,799,1,1512,936
KakaoTalk_Moim_5vXgWC18z0sG3lMbAQ9zFMB0LF5u5s.jpg,1512,2016,kyungsik_id,859,1164,1238,1764
KakaoTalk_Moim_5vXgWC18z0sG3lMbAQ9zFMB0LF9SU2.jpg,1512,2016,kyungsik_id,542,1187,765,1543
KakaoTalk_Moim_5vXgWC18z0sG3lMbAQ9zFMB0LF9SU2.jpg,1512,2016,kyungsik_face,512,385,991,990
KakaoTalk_Moim_5vXgWC18z0sG3lMbAQ9zFMB0LFc5j4.jpg,1512,2016,kyungsik_face,663,394,1067,996
KakaoTalk_Moim_5vXgWC18z0sG3lMbAQ9zFMB0LFc5j4.jpg,1512,2016,kyungsik_id,516,1141,748,1419
KakaoTalk_Moim_5vXgWC18z0sG3lMbAQ9zFMB0LFehIC.jpg,1512,2016,kyungsik_id,516,1145,706,1415
KakaoTalk_Moim_5vXgWC18z0sG3lMbAQ9zFMB0LFehIC.jpg,1512,2016,kyungsik_face,684,375,1108,958
KakaoTalk_Moim_5vXgWC18z0sG3lMbAQ9zFMB0LFfW1Q.jpg,1512,2016,kyungsik_face,531,217,1059,987
KakaoTalk_Moim_5vXgWC18z0sG3lMbAQ9zFMB0LFfW1Q.jpg,1512,2016,kyungsik_id,557,1253,861,1672
KakaoTalk_Moim_5vXgWC18z0sG3oEC7CMfBM6pUKAj2p.jpg,1512,2016,kyungsik_id,542,1255,782,1581
KakaoTalk_Moim_5vXgWC18z0sG3oEC7CMfBM6pUKAj2p.jpg,1512,2016,kyungsik_face,582,424,1021,1038
KakaoTalk_Moim_5vXgWC18z0sG3oEC7CMfBM6pUKCvrb.jpg,1512,2016,kyungsik_face,635,494,1072,1068
KakaoTalk_Moim_5vXgWC18z0sG3oEC7CMfBM6pUKCvrb.jpg,1512,2016,kyungsik_id,663,1166,865,1500
KakaoTalk_Moim_5vXgWC18z0sG3oEC7CMfBM6pUKHbhL.jpg,1512,2016,kyungsik_id,561,1132,1059,1800
KakaoTalk_Moim_5vXgWC18z0sG3oEC7CMfBM6pUKHbhL.jpg,1512,2016,kyungsik_face,689,28,1312,919
KakaoTalk_Moim_5vXgWC18z0sG3oEC7CMfBM6pUKJ6Dv.jpg,1512,2016,kyungsik_face,601,15,1212,881
KakaoTalk_Moim_5vXgWC18z0sG3oEC7CMfBM6pUKJ6Dv.jpg,1512,2016,kyungsik_id,627,1213,1074,1824
KakaoTalk_Moim_5vXgWC18z0sG3oEC7CMfBM6pUKLj2h.jpg,1512,2016,kyungsik_id,567,1287,1012,1851
KakaoTalk_Moim_5vXgWC18z0sG3oEC7CMfBM6pUKLj2h.jpg,1512,2016,kyungsik_face,582,58,1172,932
KakaoTalk_Moim_5vXgWC18z0sG3oEC7CMfBM6pUKNvr3.jpg,1512,2016,kyungsik_face,572,77,1157,926
KakaoTalk_Moim_5vXgWC18z0sG3oEC7CMfBM6pUKNvr3.jpg,1512,2016,kyungsik_id,599,1279,1014,1830
KakaoTalk_Moim_5vXgWC18z0sG3oEC7CMfBM6pUKPHPP.jpg,1512,2016,kyungsik_id,567,1328,923,1902
KakaoTalk_Moim_5vXgWC18z0sG3oEC7CMfBM6pUKPHPP.jpg,1512,2016,kyungsik_face,561,77,1140,887
KakaoTalk_Moim_5vXgWC18z0sG3oEC7CMfBM6pUKSbhn.jpg,1512,2016,kyungsik_face,569,302,1065,981
KakaoTalk_Moim_5vXgWC18z0sG3oEC7CMfBM6pUKSbhn.jpg,1512,2016,kyungsik_id,657,1315,899,1709
KakaoTalk_Moim_5vXgWC18z0sG3oEC7CMfBM6pUKUnGp.jpg,1512,2016,kyungsik_id,446,1083,952,1836
KakaoTalk_Moim_5vXgWC18z0sG3oEC7CMfBM6pUKUnGp.jpg,1512,2016,kyungsik_face,542,2,1218,921
KakaoTalk_Moim_5vXgWC18z0sG3oEC7CMfBM6pUKxyxz.jpg,1512,2016,kyungsik_face,725,136,1282,962
KakaoTalk_Moim_5vXgWC18z0sG3oEC7CMfBM6pUKxyxz.jpg,1512,2016,kyungsik_id,535,1224,861,1672
KakaoTalk_Moim_5vXgWC18z0sG3oEC7CMfBM6pUKZ3wZ.jpg,1512,2016,kyungsik_id,595,1128,1021,1675
KakaoTalk_Moim_5vXgWC18z0sG3oEC7CMfBM6pUKZ3wZ.jpg,1512,2016,kyungsik_face,461,147,1118,983
KakaoTalk_Moim_5vXgWC18z0sG3oEC7CMfBM6pUL1wYN.jpg,1512,2016,kyungsik_face,427,183,1076,1021
KakaoTalk_Moim_5vXgWC18z0sG3oEC7CMfBM6pUL1wYN.jpg,1512,2016,kyungsik_id,589,1160,1006,1692
KakaoTalk_Moim_5vXgWC18z0sG3oEC7CMfBM6pUL4htD.jpg,1512,2016,kyungsik_id,663,1036,865,1304
KakaoTalk_Moim_5vXgWC18z0sG3oEC7CMfBM6pUL4htD.jpg,1512,2016,kyungsik_face,518,413,961,981
KakaoTalk_Moim_5vXgWC18z0sG3oEC7CMfBM6pUL8Ghr.jpg,1512,2016,kyungsik_face,508,387,1161,1217
KakaoTalk_Moim_5vXgWC18z0sG3oEC7CMfBM6pUL8Ghr.jpg,1512,2016,kyungsik_id,442,1283,695,1664
KakaoTalk_Moim_5vXgWC18z0sG3oEC7CMfBM6pULaSGJ.jpg,1512,2016,kyungsik_id,625,1077,765,1272
KakaoTalk_Moim_5vXgWC18z0sG3oEC7CMfBM6pULaSGJ.jpg,1512,2016,kyungsik_face,599,532,986,1034
KakaoTalk_Moim_5vXgWC18z0sG3oEC7CMfBM6pULdUeB.jpg,1512,2016,kyungsik_face,604,479,997,994
KakaoTalk_Moim_5vXgWC18z0sG3oEC7CMfBM6pULdUeB.jpg,1512,2016,kyungsik_id,640,1051,778,1241
KakaoTalk_Moim_5vXgWC18z0sG3oEC7CMfBM6pULgnGp.jpg,2016,1512,kyungsik_id,978,1018,1245,1414
KakaoTalk_Moim_5vXgWC18z0sG3oEC7CMfBM6pULgnGp.jpg,2016,1512,kyungsik_face,730,27,1310,834
KakaoTalk_Moim_5vXgWC18z0sG3oEC7CMfBM6pULij29.jpg,2016,1512,kyungsik_face,732,1,1339,801
KakaoTalk_Moim_5vXgWC18z0sG3oEC7CMfBM6pULij29.jpg,2016,1512,kyungsik_id,995,973,1251,1356
KakaoTalk_Moim_5vXgWC18z0sG3oEC7CMfBM6pULkenT.jpg,1512,2016,kyungsik_id,514,1317,806,1741
KakaoTalk_Moim_5vXgWC18z0sG3oEC7CMfBM6pULkenT.jpg,1512,2016,kyungsik_face,455,292,1040,1115
KakaoTalk_Moim_5vXgWC18z0sG3oEC7CMfBM6pULt20h.jpg,1512,2016,kyungsik_face,527,221,1057,979
KakaoTalk_Moim_5vXgWC18z0sG3oEC7CMfBM6pULt20h.jpg,1512,2016,kyungsik_id,559,1255,861,1668
KakaoTalk_Moim_5vXgWC18z0sG3oEC7CMfBM6pULxHR7.jpg,1512,2016,kyungsik_id,508,1136,748,1430
KakaoTalk_Moim_5vXgWC18z0sG3oEC7CMfBM6pULxHR7.jpg,1512,2016,kyungsik_face,650,383,1078,970
